?????,???????
?????,???
?????,?????
?????,????
?????,??
?????,????
?????,???????
?????,????
?????,?????
?????,????
?????,????
?????,???????
?????,??????
?????,????
?????,?????
?????,????
?????,?????
?????,???????
?????,???????
?????,????? ?? ???????
?????,???????
?????,??????
?????,??????
?????,???
?????,?????
?????,???????
?????,??????
?????,?????
?????,?????? ???
?????,????? ????
?????,???
?????,??????
?????,?????
?????,????
?????,????
?????,??????
?????,??????
?????,??????
?????,????
?????,???????
?????,??????
?????,?????
?????,C ????
?????,?????
?????,????
?????,?????
?????,?????
?????,???? ??????
?????,?????
?????,?????
?????,?????
?????,???? ???????
?????,??
?????,??? ??????
?????,????
?????,??? ???
?????,????
?????,?????
?????,??????
?????,?????
?????,?????
?????,?????
?????,????? ?????
?????,????
?????,???
?????,????
?????,????
?????,?????
?????,????
?????,???
?????,???? ???
?????,???? ???
?????,????? ???????
?????,????
?????,??????
?????,?????
?????,????? ??????
?????,??????
?????,????
?????,???? ??????
?????,???????'???
?????,????
?????,????
?????,????
?????,?????? ???
?????,.
?????,????
?????,???? ????
?????,????
?????,????
?????,??? ????
?????,?????
?????,???????
?????,???????
?????,??? ?????
?????,???? ?????
?????,???? ??
?????,????? ?????
?????,???
?????,????
?????,???????
?????,????? ?????
?????,?????
?????,????
?????,???- in-one
?????,???
?????,???? ?????
?????,???? ?????
?????,????? ????
?????,?????
?????,?????
?????,???????
?????,?????
?????,???
?????,???? ???
?????,????? ?? ????
?????,???????? ???
?????,?????
?????,???????
?????,???? ??????
?????,??????
?????,?'??-??
?????,?????
?????,????
?????,?? ??????
?????,?'???
?????,?????
?????,????
?????,????
?????,??? ?????
?????,????
?????,?????
?????,??????
?????,???? ??????
?????,???? ??
?????,??????
?????,?????
?????,???? ???????
?????,????
?????,????? ?????
?????,????
?????,??????
?????,???? ?????
?????,????
?????,???????? ?????
?????,?????
?????,?????
?????,???? ????
?????,????
?????,????-??
?????,???? \ ???? \ ?????
?????,?????
?????,???
?????,??? ?????
?????,??
?????,?????
?????,??????????
?????,???????
?????,?????
?????,????????
?????,???
?????,????
?????,paddleball
?????,?????
?????,????????
?????,????? ?????
?????,??????
?????,??? ???
?????,???? ????
?????,???? ?????
?????,??
?????,????
?????,????
?????,????
?????,???????
?????,??? ????
?????,???
?????,????? ????
?????,????
?????,?????
?????,?
?????,????
?????,????????
?????,???
?????,R
?????,???
?????,????
?????,????? ?????
?????,????
?????,????
?????,??????
?????,????
?????,????
?????,?????
?????,?????
?????,???? ?????
?????,????? ????
?????,????????
?????,????? ?? ????????
?????,????
?????,????
?????,?????
?????,?????
?????,??
?????,??
?????,S
?????,???
?????,????
?????,??? ??????
?????,?????
?????,????.
?????,?????
?????,?????
?????,????? ???? ????
?????,?????? ???
?????,?????? ?? ??????
?????,???? ?????
?????,???
?????,???
?????,????
?????,????? ??????
?????,?????
?????,?????
?????,?????????
?????,???????
?????,?????????
?????,???? ????
?????,????
?????,????? ?????
?????,?????
?????,??????????
?????,?????
?????,???????
?????,???
?????,?????
?????,???
?????,?????? ????
?????,?????
?????,?????
?????,????
?????,?????
?????,????? ??????
?????,???? ?????
?????,????????
?????,??
?????,???
?????,?????
?????,??? ????
?????,tee
?????,??? ?????????
?????,????
?????,??????
?????,?????
?????,T Cont.
?????,?????
?????,?????
?????,?????
?????,?????? ?????
?????,?????????
?????,????????
?????,???????
?????,????? ??????
?????,?????
?????,????? ???
?????,U
?????,?????? ?????
?????,??????-????
?????,?? ????
?????,unicyclist
?????,????
?????,???
?????,????
?????,????
?????,?????
?????,???? ?????
?????,????
?????,W
?????,???????
?????,????
?????,??????
?????,?????
?????,???? ???
?????,??? ???
?????,??????
?????,???? ???????
?????,???????
?????,????? ?????
?????,?????? ???? ?????
?????,????
?????,????
?????,???? ???
?????,????? ???
?????,????
?????,???? ?????
?????,???? ??????
?????,?????
?????,??????
????,????
????,???
????,????
????,???? ?????
????,???
????,????
????,???
????,?????
????,????
????,???
????,?????
????,??????
????,?????
????,?????
????,??????
????,???
????,??? 
????,?????
????,???
????,????
????,?????
????,?????
????,???????
????,????
????,????????
????,???
????,?????
????,????
????,??????
????,???
????,????
????,???
????,?????
????,?????
????,????
????,????
????,??????
????,?????
????,??????
????,?????
????,????
????,??????
????,????
????,?????? ??????
????,?????
????,?????
???? ?????,??
???? ?????,???????
???? ?????,????
???? ?????,???
???? ?????,??
???? ?????,?????
???? ?????,????
???? ?????,????
???? ?????,#NAME?
???? ?????,???
???? ?????,???
???? ?????,???
???? ?????,?????
???? ?????,??
???? ?????,????
???? ?????,????
???? ?????,????
???? ?????,??????
???? ?????,????
???? ?????,????
???? ?????,???
?????,???????
?????,??? ???
?????,????
?????,??????
?????,?????
?????,????
?????,?????
?????,?????
?????,????
?????,???
?????,????
?????,??????
?????,??? ??? ????
?????,??
??? ?????,????????
??? ?????,??? ??????
??? ?????,???'?
??? ?????,????
??? ?????,?'??
??? ?????,??????
??? ?????,????
??? ?????,?? ????
??? ?????,???
??? ?????,??? ??
??? ?????,??? ?????
??? ?????,???????
??? ?????,????'???
??? ?????,????
??? ?????,?????? ????
??? ?????,????
??? ?????,?????
??? ?????,????? ??????
??? ?????,???
??? ?????,?'????
??? ?????,???? ?????
??? ?????,???? ?? ??????
??? ?????,?????
??? ?????,????
??? ?????,??????
??? ?????,????
??? ?????,????
??? ?????,??????? ???
??? ?????,?????
??? ?????,?????
??? ?????,???????
??? ?????,?????
??? ?????,??????????
??? ?????,???????
??? ?????,???????
??? ?????,??????
??? ?????,????
??? ?????,?????
??? ?????,?????
??? ?????,????????
??? ?????,?????
??? ?????,?????
??????,???? ??
??????,?????
??????,???? ???
??????,??? ???
??????,????
??????,????? ??? ?????
??????,????
??????,?????? ?????
??????,????
??????,??????
??????,??? ??????
??????,????
??????,????
??????,???? ????????
??????,????
??????,?????
??????,???? ????
??????,????? ?? ?????
??????,????? ?????
??????,????
??????,????
??????,???
??????,???? ???
??????,?????
??????,???? ??????
??????,?????? ?????
??????,?????
??????,???? ??????
??????,????? ???
??????,????
??????,???
??????,???
??????,?????
??????,??????
??????,????
??????,???????
??????,????
???????,????
???????,???
???????,????? ?????
???????,????? ???
???????,?????? ???
???????,?????
???????,???
???????,???? ????
???????,?????????
???????,???? ???
???????,????? ???'??
???????,????? ????
???????,???? ????
???????,???????
???????,?'?-?'?
???????,?'??????
???????,????? ?????
???????,?????
???????,?????
???????,?????
???????,?????
???????,??? Seating
???????,?????
???????,?????
???????,????? ??????
???????,????????
???????,??????
???????,????? ??
???????,????????
???????,? '???
???????,?????
???????,????
???????,??? ???
???????,????????
???????,????-????
???????,?????
???????,?????
???????,?????
???????,????? ???
???????,????? ?????
???????,????? ????
???????,????? ?'??
???????,?????
???????,????????
???????,?????
???????,????? ?????
???????,????
???????,?????
???????,???? ?????
???????,??????
???????,????
???????,??????
???????,?????
???????,????? ???? ???????
???????,??????
???????,????? ??????
???????,??? ???
???????,??????
???????,?????
???????,???
???????,???????
???????,????
???????,?????
???????,?????
???????,????
???????,????? ?????
???????,????? ?????
???????,?????? ????
???????,?????
???????,?????
???????,?????
???????,????
???????,????? ????
???????,??????
???????,????? ???
???????,????? ?????
???????,???????
???????,??????
???????,??? ?????
???????,?????
?????,?????
?????,?? ????
?????,??? ?????
?????,?? ?????
?????,????
?????,???? ???? ?????
?????,?? ????
?????,???? ??
?????,???
?????,???
?????,??
?????,?????
?????,????
?????,???
?????,????
?????,???
?????,?????
?????,?????
?????,???
?????,???? ?????
?????,?????
?????,?? ????
?????,???
?????,??
?????,?? ?????
?????,????
?????,????
?????,??????
?????,????
?????,?????
?????,???????
?????,?????
?????,?????
?????,???? ?????
?????,?????
?????,????? ??????
?????,????
?????,?????
?????,?? ?????
?????,????
?????,?????
?????,???? ?????
?????,?? ???? ??????
?????,???? ?????? ???? ???
?????,??? ???
?????,?????
?????,????
?????,??? ?????
?????,??? ????
?????,?? ?????
?????,???? ????
?????,?????
?????,???
?????,???? ??????
?????,????????
?????,?????
?????,?????
?????,???
?????,?????
?????,????
?????,???
?????,????
?????,??? ?? ????
?????,????
?????,????
?????,??? ???
?????,???? ????
?????,??? ????
?????,???
?????,????-?????
?????,??? ?????
?????,?????
?????,?? ????
?????,???? ?????
?????,????
?????,?????
?????,??? ?????
?????,??????
?????,?????
?????,????????
?????,???
?????,?????? ????
?????,????
?????,?????
?????,?????
?????,?????
?????,????
?????,????
?????,?????
?????,???
?????,????
?????,???
?????,??????
?????,????
?????,??????
?????,???
?????,?? ??????
?????,???????
?????,?? ???
?????,????
?????,???
?????,??????
?????,????
?????,????
?????,????????
?????,?????
?????,????.
?????,????.
?????,???
?????,???
?????,??????
?????,??
?????,??? ????
?????,???????
?????,????? ???????
?????,?????
?????,??????
?????,????
?????,????
?????,?? ???
?????,????
?????,???????
?????,?????? ?????
?????,??
?????,???????
?????,??????
?????,????
?????,??????
?????,???? ?????
?????,?? ??? ???
?????,????
?????,?????
?????,?? 
?????,????
?????,????
?????,?????
?????,????
?????,?? ????
?????,??
?????,?? ????
?????,?? ????
?????,?????
?????,???
?????,??? ????
?????,??? ?????
?????,???? ?????
?????,?????
?????,?? ????????
?????,???????
?????,????
?????,????
?????,?? ????
?????,???? ?????
?????,??????
?????,???
?????,???
?????,??????
?????,?????
?????,???
?????,????
?????,?????
?????,????? ?????
?????,????
?????,?????
?????,????? ?? ?????
?????,????? ??????
?????,???????
?????,?????
?????,??????? ?? ??????
?????,?????
?????,???? ???? ?????? ??????
?????,???????
?????,????
?????,??????????
?????,??
?????,????? ?????
?????,???? ???
?????,????????? ???
?????,???????
?????,???? ????
?????,?????
?????,???
?????,????
?????,?????
?????,??? ?????
?????,????
?????,?????
?????,????
?????,????????
?????,?????
?????,??? ?????
?????,?????
?????,?????
?????,?????
?????,?????
?????,?????
?????,?? ????
?????,??????
?????,?????
?????,??????
?????,???? ?????
?????,???
?????,?? ???? ????
?????,????????
?????,??????
?????,??????
?????,?????
?????,????
?????,???????
?????,?????
?????,????
?????,????????
?????,???????
?????,????
?????,?????????
?????,????? ?????
?????,?????
?????,?????
?????,?????
?????,? '??? ?????
?????,????
?????,???? ??????
?????,????? ?? ?????
?????,?????
?????,????
?????,???????
?????,????
?????,????
?????,????? ??????
?????,???????
?????,?????
?????,?????? ?????
?????,???
?????,??????
?????,?????
?????,???? ?????
?????,????? ????
?????,?? ????
?????,???
?????,?????????
?????,?????
?????,????? ????
?????,????
?????,????? ????
?????,??? ??????
?????,??? ?????
?????,????? ?????
?????,???????
?????,??? ?????
?????,??????
?????,???????
?????,????????
?????,???
?????,????
?????,???? ???
?????,???? ?? ????? ??
?????,??????????
?????,??????????
?????,???
?????,????
?????,?? ????
?????,??? ????
?????,??? ????
?????,?????
?????,?????
?????,????? ??????
?????,?????
?????,?????
?????,????? ????
?????,???????
?????,??????
?????,?? ????
?????,???????
?????,????
?????,????
?????,?????
?????,???? ??
?????,?? ????? ???
?????,???????
?????,??? ????
?????,?????
????? ????,???
????? ????,?????
????? ????,???????
????? ????,????? ????? ?????
????? ????,???????
????? ????,?????
????? ????,?? ?????
????? ????,????
????? ????,???
????? ????,????
????? ????,????
????? ????,????
????? ????,????? ?? ?? ????
????? ????,??? ?????
????? ????,????
????? ????,??????? ????
????? ????,??
????? ????,??? ??
????? ????,???
????? ????,???
????? ????,???
????? ????,??
????? ????,?????
????? ????,????
????? ????,????
????? ????,????
????? ????,??
????? ????,?????? ????? ????
????? ????,???
????? ????,???
????? ????,????
????? ????,????? ??
????? ????,??? ?????
????? ????,??? ????
????? ????,??? ???????
????? ????,????????
????? ????,????? ?????
????? ????,???
????? ????,???? ???????
????? ????,????
????? ????,????
????? ????,????? ???????????
????? ????,???
????? ????,???
????? ????,???
????? ????,?????
????? ????,????
????? ????,????
????? ????,???????
????? ????,???
????? ????,??? ????
????? ????,?????
????? ????,?????
????? ????,????
????? ????,?????
????? ????,????
????? ????,?? ???
????? ????,???
????? ????,??? ????
????? ????,?????? ????
????? ????,?????
????? ????,??????
????? ????,????
????? ????,??
????? ????,???
????? ????,??
????? ????,???
????? ????,???
????? ????,????
????? ????,????? ??????
????? ????,?? ?? ????
????? ????,???? ????
????? ????,?????
????? ????,???
????? ????,????
????? ????,????
????? ????,????
????? ????,?????
????? ????,???
????? ????,???
????? ????,????
????? ????,?????? ?????
????? ????,?????
????? ????,????? ?????
????? ????,??????
????? ????,???????
????? ????,?????
????? ????,??
????? ????,????
????? ????,????
????? ????,????
????? ????,????
????? ????,?????
????? ????,????
????? ????,??
????? ????,????
????? ????,??????
????? ????,????
????? ????,?? ???
????? ????,????
????? ????,???? ????
????? ????,?????
????? ????,??????
????? ????,???
????? ????,?????
????? ????,????? ????
????? ????,???????
????? ????,?????
????? ????,?????
????? ????,??????
????? ????,??? ?? ??????
????? ????,????? ?????
????? ????,?????
????? ????,???
????? ????,?????
????? ????,??? ????
????? ????,?????
????? ????,????
????? ????,???
????? ????,??? ???
????? ????,???
????? ????,???????
????? ????,?????
????? ????,???? ????
????? ????,???? ?????
????? ????,????
????? ????,??????
????? ????,??????
????? ????,???
????? ????,??????
????? ????,???
????? ????,??? ????
????? ????,????
????? ????,?????
????? ????,????
????? ????,????
????? ????,??????
????? ????,????
????? ????,?????
????? ????,??
????? ????,?????
????? ????,??? ??????
????? ????,????
????? ????,??????
????? ????,????
????? ????,????? ????
????? ????,???
????? ????,????
????? ????,????
????? ????,?????
????? ????,????
????? ????,??? ?? ?????
????? ????,????
??? ?????,??????
??? ?????,??????
??? ?????,???? ????
??? ?????,?????
??? ?????,????? ???
??? ?????,????
??? ?????,????
??? ?????,?????
??? ?????,??? ?????
??? ?????,???
??? ?????,??
??? ?????,?????
??? ?????,????
??? ?????,????? ?????? ???
??? ?????,??? ???
??? ?????,???
??? ?????,?????
??? ?????,?????
??? ?????,????
??? ?????,???? ?????
??? ?????,?????
??? ?????,????
??? ?????,?????
??? ?????,?????
??? ?????,?????
??? ?????,???
??? ?????,????? ??????
??? ?????,?????
??? ?????,???
??? ?????,????
??? ?????,?? ???
??? ?????,?????
??? ?????,?? ????
??? ?????,????
??? ?????,?????
??? ?????,????
??? ?????,????
??? ?????,??????
??? ?????,???
??? ?????,????
??? ?????,??????
??? ?????,??? ????
??? ?????,???
??? ?????,???? ?????
??? ?????,?????
??? ?????,???
??? ?????,???? ????
??? ?????,???? ?????
??? ?????,???
??? ?????,???
??? ?????,??????
??? ?????,?????
??? ?????,???
??? ?????,????? ????
??? ?????,?????
??? ?????,??? ?????
??? ?????,??? ????
??? ?????,???????
??? ?????,???
??? ?????,???? ????
??? ?????,???? ????
??? ?????,????
??? ?????,?????
??? ?????,?????
??? ?????,????? ?????
??? ?????,???
??? ?????,????
??? ?????,??????
??? ?????,?????
??? ?????,???
??? ?????,??????
??? ?????,????
??? ?????,??????
??? ?????,??????
??? ?????,????
??? ?????,??? ?????
??? ?????,?????
??? ?????,???? ?????
??? ?????,???
??? ?????,??? ?????
??? ?????,???????
??? ?????,?????
??? ?????,??????
??? ?????,?????
??? ?????,???
??? ?????,???
??? ?????,?????
??? ?????,?????
?????,???? ??
?????,????
?????,??????
?????,????
?????,???
?????,????????
?????,???? ??
?????,???????
?????,????? ?????
?????,???
?????,????
?????,??????
?????,?????
?????,??? ???
?????,?????
?????,??????
?????,?????
?????,?????
?????,??????
?????,??????
?????,?????
?????,????
?????,???
?????,????????
?????,??????
?????,???
?????,? '???
?????,?????
?????,???? ????
?????,?????
?????,????
?????,???????
?????,???
?????,???'?
?????,??????? ?????
?????,????
?????,????????
?????,???
?????,???????
?????,????
?????,?????
?????,????????
?????,?????
?????,???
?????,???????
?????,????
?????,???
?????,????
?????,?????
?????,?????
?????,?????
?????,????
?????,?????
?????,???
?????,??? ????
?????,???
?????,?????
?????,???????
?????,?????
?????????,??????
?????????,??????????
?????????,???? ??????????
?????????,?????????
?????????,?????
?????????,??? ??????
?????????,????
?????????,????
?????????,????
?????????,????????
?????????,??????
?????????,??? ?????????
?????????,????
?????????,??? ????
?????????,???????
?????????,?????????
?????????,????
?????????,???
?????????,????? ??????
?????????,????
?????????,?? ????
?????????,???? ????
?????????,???? ?????
?????????,???? ????
?????????,????
?????????,??? ????? ??????
?????????,????
?????????,??????
?????????,??????
?????????,??????????? ??????????
?????????,????????
?????????,??????
?????????,??????
?????????,?'?.??. ??
?????????,???? ????
?????????,???????
?????????,?? ?????? ?????????
?????????,??
?????????,????
?????????,"?""?"
?????????,???
?????????,????
?????????,?? ????
?????????,????
?????????,?? ????
?????????,??? ?????
?????????,???
?????????,???? ???
?????????,????? ???
?????????,???? ???
?????????,?????? ??????
?????????,???????
?????????,??
?????????,??? ???
?????????,????
?????????,????? ?????
?????????,????
?????????,???? ????
?????????,??? ????? ??????
?????????,???? ????
?????????,???? ??????
?????????,????? ?????? ??????
?????????,????? ??????
?????????,????????
?????????,?????
?????????,???
?????????,???? ????????
?????????,???????
?????????,?????
?????????,???
?????????,????
?????????,??? ????
?????????,???
?????????,???? ????
?????????,????
?????????,?? ????
?????????,??
?????????,???? ??? ???
?????????,????
?????????,???? ????
?????????,???? ????
?????????,???? ??????
?????????,??? ????? ??????
?????????,???? ?????
?????????,???? ?????
?????????,??? ??????
?????????,???
?????????,???? ???
?????????,?????
?????????,??? ?????????
?????????,?????????
?????????,????
?????????,??? ?????
?????????,??? ????
?????????,???? ??????
?????????,??? ??? ?????
?????????,????
?????????,??? ????? ??????
